time_key,hour,minute,daylight_indicator,time_category
1,4,0,Night,Night
2,6,15,Day,Morning
3,9,43,Day,Morning
4,10,35,Day,Morning
5,11,30,Day,Morning
6,13,0,Day,Afternoon
7,13,39,Day,Afternoon
8,17,15,Day,Evening
9,19,0,Night,Evening
10,19,30,Night,Evening
11,19,40,Night,Evening
12,22,42,Night,Night
13,23,0,Night,Night
14,23,10,Night,Night
15,1,0,Night,Night
16,1,9,Night,Night
17,2,40,Night,Night
18,9,0,Day,Morning
19,10,20,Day,Morning
20,10,48,Day,Morning
21,12,5,Day,Afternoon
22,13,58,Day,Afternoon
23,14,0,Day,Afternoon
24,14,43,Day,Afternoon
25,15,52,Day,Afternoon
26,16,0,Day,Afternoon
27,19,35,Night,Evening
28,20,34,Night,Evening
29,21,4,Night,Night
30,21,38,Night,Night
31,2,27,Night,Night
32,3,30,Night,Night
33,4,17,Night,Night
34,4,20,Night,Night
35,8,13,Day,Morning
36,10,25,Day,Morning
37,10,36,Day,Morning
38,11,35,Day,Morning
39,11,40,Day,Morning
40,12,10,Day,Afternoon
41,14,50,Day,Afternoon
42,15,0,Day,Afternoon
43,15,10,Day,Afternoon
44,15,18,Day,Afternoon
45,15,25,Day,Afternoon
46,16,10,Day,Afternoon
47,20,47,Night,Evening
48,21,30,Night,Night
49,22,40,Night,Night
50,2,0,Night,Night
51,6,35,Day,Morning
52,8,9,Day,Morning
53,8,20,Day,Morning
54,11,20,Day,Morning
55,12,0,Day,Afternoon
56,12,7,Day,Afternoon
57,12,23,Day,Afternoon
58,12,35,Day,Afternoon
59,12,50,Day,Afternoon
60,13,25,Day,Afternoon
61,14,15,Day,Afternoon
62,14,45,Day,Afternoon
63,14,48,Day,Afternoon
64,17,0,Day,Evening
65,17,48,Day,Evening
66,18,20,Night,Evening
67,18,45,Night,Evening
68,22,19,Night,Night
69,23,12,Night,Night
70,1,39,Night,Night
71,9,10,Day,Morning
72,9,50,Day,Morning
73,12,28,Day,Afternoon
74,15,40,Day,Afternoon
75,16,27,Day,Afternoon
76,17,25,Day,Evening
77,22,2,Night,Night
78,6,54,Day,Morning
79,8,30,Day,Morning
80,11,0,Day,Morning
81,13,20,Day,Afternoon
82,13,30,Day,Afternoon
83,17,58,Day,Evening
84,18,30,Night,Evening
85,21,10,Night,Night
86,22,55,Night,Night
87,23,55,Night,Night
88,0,0,Night,Night
89,12,25,Day,Afternoon
90,12,54,Day,Afternoon
91,19,5,Night,Evening
92,4,44,Night,Night
93,7,5,Day,Morning
94,7,10,Day,Morning
95,10,0,Day,Morning
96,10,50,Day,Morning
97,10,54,Day,Morning
98,12,42,Day,Afternoon
99,14,30,Day,Afternoon
100,17,30,Day,Evening
101,18,0,Night,Evening
102,20,0,Night,Evening
103,21,45,Night,Night
104,22,35,Night,Night
105,3,15,Night,Night
106,6,0,Day,Morning
107,6,23,Day,Morning
108,10,56,Day,Morning
109,12,12,Day,Afternoon
110,14,20,Day,Afternoon
111,15,5,Day,Afternoon
112,15,7,Day,Afternoon
113,15,8,Day,Afternoon
114,15,38,Day,Afternoon
115,16,30,Day,Afternoon
116,17,57,Day,Evening
117,3,45,Night,Night
118,5,20,Night,Morning
119,9,25,Day,Morning
120,10,10,Day,Morning
121,11,5,Day,Morning
122,11,10,Day,Morning
123,11,25,Day,Morning
124,15,35,Day,Afternoon
125,17,20,Day,Evening
126,17,45,Day,Evening
127,18,38,Night,Evening
128,18,39,Night,Evening
129,21,0,Night,Night
130,21,35,Night,Night
131,23,14,Night,Night
132,23,23,Night,Night
133,23,24,Night,Night
134,1,30,Night,Night
135,2,10,Night,Night
136,3,0,Night,Night
137,7,15,Day,Morning
138,8,10,Day,Morning
139,9,40,Day,Morning
140,10,40,Day,Morning
141,11,4,Day,Morning
142,12,30,Day,Afternoon
143,17,10,Day,Evening
144,0,1,Night,Night
145,4,2,Night,Night
146,5,45,Night,Morning
147,12,20,Day,Afternoon
148,16,5,Day,Afternoon
149,17,44,Day,Evening
150,18,15,Night,Evening
151,5,0,Night,Morning
152,8,25,Day,Morning
153,8,40,Day,Morning
154,10,45,Day,Morning
155,11,48,Day,Morning
156,11,58,Day,Morning
157,12,37,Day,Afternoon
158,12,55,Day,Afternoon
159,14,33,Day,Afternoon
160,16,40,Day,Afternoon
161,17,3,Day,Evening
162,18,9,Night,Evening
163,20,10,Night,Evening
164,23,40,Night,Night
165,1,40,Night,Night
166,21,50,Night,Night
167,22,8,Night,Night
168,23,49,Night,Night
169,6,50,Day,Morning
170,11,22,Day,Morning
171,15,50,Day,Afternoon
172,16,22,Day,Afternoon
173,16,58,Day,Afternoon
174,17,50,Day,Evening
175,19,57,Night,Evening
176,22,20,Night,Night
177,22,45,Night,Night
178,23,38,Night,Night
179,0,25,Night,Night
180,6,30,Day,Morning
181,8,0,Day,Morning
182,10,24,Day,Morning
183,14,37,Day,Afternoon
184,14,40,Day,Afternoon
185,16,20,Day,Afternoon
186,5,6,Night,Morning
187,5,12,Night,Morning
188,13,10,Day,Afternoon
189,16,46,Day,Afternoon
190,16,57,Day,Afternoon
191,19,15,Night,Evening
192,0,23,Night,Night
193,1,15,Night,Night
194,7,55,Day,Morning
195,9,49,Day,Morning
196,11,15,Day,Morning
197,13,29,Day,Afternoon
198,13,46,Day,Afternoon
199,14,42,Day,Afternoon
200,14,51,Day,Afternoon
201,16,45,Day,Afternoon
202,3,38,Night,Night
203,4,50,Night,Night
204,8,28,Day,Morning
205,13,54,Day,Afternoon
206,15,15,Day,Afternoon
207,16,35,Day,Afternoon
208,17,31,Day,Evening
209,18,19,Night,Evening
210,21,7,Night,Night
211,0,18,Night,Night
212,5,15,Night,Morning
213,20,20,Night,Evening
214,21,24,Night,Night
215,4,59,Night,Night
216,13,21,Day,Afternoon
217,13,45,Day,Afternoon
218,15,34,Day,Afternoon
219,21,27,Night,Night
220,23,30,Night,Night
221,2,42,Night,Night
222,8,56,Day,Morning
223,12,18,Day,Afternoon
224,12,40,Day,Afternoon
225,20,18,Night,Evening
226,20,30,Night,Evening
227,20,33,Night,Evening
228,21,22,Night,Night
229,10,9,Day,Morning
230,11,50,Day,Morning
231,17,38,Day,Evening
232,4,40,Night,Night
233,9,15,Day,Morning
234,10,5,Day,Morning
235,11,27,Day,Morning
236,15,47,Day,Afternoon
237,17,35,Day,Evening
238,19,6,Night,Evening
239,22,18,Night,Night
240,7,20,Day,Morning
241,10,4,Day,Morning
242,12,59,Day,Afternoon
243,19,45,Night,Evening
244,21,20,Night,Night
245,21,23,Night,Night
246,1,41,Night,Night
247,5,25,Night,Morning
248,7,4,Day,Morning
249,12,17,Day,Afternoon
250,12,45,Day,Afternoon
251,21,5,Night,Night
252,8,31,Day,Morning
253,12,36,Day,Afternoon
254,19,37,Night,Evening
255,22,50,Night,Night
256,9,56,Day,Morning
257,13,11,Day,Afternoon
258,15,20,Day,Afternoon
259,16,50,Day,Afternoon
260,17,46,Day,Evening
261,18,27,Night,Evening
262,18,40,Night,Evening
263,22,6,Night,Night
264,8,59,Day,Morning
265,13,15,Day,Afternoon
266,18,54,Night,Evening
267,19,55,Night,Evening
268,0,48,Night,Night
269,5,38,Night,Morning
270,7,0,Day,Morning
271,9,30,Day,Morning
272,10,23,Day,Morning
273,15,45,Day,Afternoon
274,17,1,Day,Evening
275,17,40,Day,Evening
276,19,48,Night,Evening
277,0,55,Night,Night
278,10,30,Day,Morning
279,14,54,Day,Afternoon
280,18,16,Night,Evening
281,19,14,Night,Evening
282,22,49,Night,Night
283,23,25,Night,Night
284,0,40,Night,Night
285,1,55,Night,Night
286,6,48,Day,Morning
287,19,13,Night,Evening
288,15,31,Day,Afternoon
289,15,55,Day,Afternoon
290,18,25,Night,Evening
291,21,52,Night,Night
292,4,58,Night,Night
293,6,40,Day,Morning
294,19,54,Night,Evening
295,20,40,Night,Evening
296,20,55,Night,Evening
297,9,35,Day,Morning
298,19,32,Night,Evening
299,22,41,Night,Night
300,22,52,Night,Night
301,11,46,Day,Morning
302,12,2,Day,Afternoon
303,12,38,Day,Afternoon
304,8,5,Day,Morning
305,8,15,Day,Morning
306,11,28,Day,Morning
307,12,8,Day,Afternoon
308,13,24,Day,Afternoon
309,19,20,Night,Evening
310,20,37,Night,Evening
311,22,0,Night,Night
312,23,28,Night,Night
313,0,30,Night,Night
314,9,7,Day,Morning
315,19,25,Night,Evening
316,23,39,Night,Night
317,4,7,Night,Night
318,7,49,Day,Morning
319,9,26,Day,Morning
320,10,41,Day,Morning
321,19,7,Night,Evening
322,9,55,Day,Morning
323,11,53,Day,Morning
324,16,13,Day,Afternoon
325,17,34,Day,Evening
326,6,20,Day,Morning
327,8,21,Day,Morning
328,11,45,Day,Morning
329,14,10,Day,Afternoon
330,14,13,Day,Afternoon
331,15,30,Day,Afternoon
332,18,59,Night,Evening
333,20,56,Night,Evening
334,1,35,Night,Night
335,4,4,Night,Night
336,6,5,Day,Morning
337,6,10,Day,Morning
338,13,59,Day,Afternoon
339,17,5,Day,Evening
340,22,22,Night,Night
341,8,55,Day,Morning
342,14,39,Day,Afternoon
343,16,48,Day,Afternoon
344,19,8,Night,Evening
345,13,38,Day,Afternoon
346,19,10,Night,Evening
347,21,19,Night,Night
348,22,30,Night,Night
349,3,55,Night,Night
350,9,13,Day,Morning
351,12,9,Day,Afternoon
352,12,15,Day,Afternoon
353,14,2,Day,Afternoon
354,16,15,Day,Afternoon
355,20,19,Night,Evening
356,23,15,Night,Night
357,10,8,Day,Morning
358,17,19,Day,Evening
359,18,14,Night,Evening
360,19,18,Night,Evening
361,5,55,Night,Morning
362,7,40,Day,Morning
363,11,29,Day,Morning
364,0,41,Night,Night
365,3,23,Night,Night
366,11,39,Day,Morning
367,13,35,Day,Afternoon
368,21,12,Night,Night
369,21,53,Night,Night
370,18,10,Night,Evening
371,18,55,Night,Evening
372,3,56,Night,Night
373,9,45,Day,Morning
374,17,54,Day,Evening
375,19,53,Night,Evening
376,16,36,Day,Afternoon
377,5,47,Night,Morning
378,16,32,Day,Afternoon
379,19,9,Night,Evening
380,22,25,Night,Night
381,22,38,Night,Night
382,7,25,Day,Morning
383,12,34,Day,Afternoon
384,20,49,Night,Evening
385,6,29,Day,Morning
386,7,14,Day,Morning
387,11,12,Day,Morning
388,22,48,Night,Night
389,0,42,Night,Night
390,4,42,Night,Night
391,5,37,Night,Morning
392,15,11,Day,Afternoon
393,16,8,Day,Afternoon
394,18,26,Night,Evening
395,20,43,Night,Evening
396,21,57,Night,Night
397,23,50,Night,Night
398,0,31,Night,Night
399,1,12,Night,Night
400,12,48,Day,Afternoon
401,15,6,Day,Afternoon
402,18,36,Night,Evening
403,4,25,Night,Night
404,7,22,Day,Morning
405,14,23,Day,Afternoon
406,19,33,Night,Evening
407,1,6,Night,Night
408,1,16,Night,Night
409,2,30,Night,Night
410,7,30,Day,Morning
411,22,26,Night,Night
412,0,17,Night,Night
413,9,3,Day,Morning
414,9,12,Day,Morning
415,13,53,Day,Afternoon
416,14,35,Day,Afternoon
417,2,9,Night,Night
418,7,35,Day,Morning
419,8,49,Day,Morning
420,9,41,Day,Morning
421,11,36,Day,Morning
422,12,4,Day,Afternoon
423,13,33,Day,Afternoon
424,13,55,Day,Afternoon
425,18,56,Night,Evening
426,12,3,Day,Afternoon
427,14,38,Day,Afternoon
428,4,45,Night,Night
429,1,19,Night,Night
430,1,45,Night,Night
431,3,25,Night,Night
432,3,40,Night,Night
433,5,50,Night,Morning
434,11,24,Day,Morning
435,13,5,Day,Afternoon
436,13,13,Day,Afternoon
437,14,5,Day,Afternoon
438,14,55,Day,Afternoon
439,15,58,Day,Afternoon
440,17,4,Day,Evening
441,17,27,Day,Evening
442,23,7,Night,Night
443,23,35,Night,Night
444,2,17,Night,Night
445,6,25,Day,Morning
446,8,8,Day,Morning
447,11,13,Day,Morning
448,13,32,Day,Afternoon
449,14,1,Day,Afternoon
450,22,10,Night,Night
451,7,29,Day,Morning
452,9,34,Day,Morning
453,19,50,Night,Evening
454,20,17,Night,Evening
455,21,17,Night,Night
456,0,50,Night,Night
457,5,58,Night,Morning
458,20,50,Night,Evening
459,5,46,Night,Morning
460,7,54,Day,Morning
461,2,4,Night,Night
462,14,34,Day,Afternoon
463,3,48,Night,Night
464,7,17,Day,Morning
465,9,14,Day,Morning
466,16,19,Day,Afternoon
467,20,26,Night,Evening
468,2,58,Night,Night
469,5,30,Night,Morning
470,10,55,Day,Morning
471,16,25,Day,Afternoon
472,17,24,Day,Evening
473,21,15,Night,Night
474,11,38,Day,Morning
475,13,49,Day,Afternoon
476,14,16,Day,Afternoon
477,19,58,Night,Evening
478,0,9,Night,Night
479,12,1,Day,Afternoon
480,14,25,Day,Afternoon
481,2,25,Night,Night
482,17,9,Day,Evening
483,20,15,Night,Evening
484,6,51,Day,Morning
485,8,14,Day,Morning
486,13,22,Day,Afternoon
487,7,59,Day,Morning
488,13,42,Day,Afternoon
489,20,6,Night,Evening
490,16,14,Day,Afternoon
491,0,15,Night,Night
492,21,40,Night,Night
493,9,16,Day,Morning
494,15,57,Day,Afternoon
495,21,46,Night,Night
496,0,35,Night,Night
497,2,11,Night,Night
498,16,26,Day,Afternoon
499,0,5,Night,Night
500,0,10,Night,Night
501,8,45,Day,Morning
502,10,11,Day,Morning
503,11,21,Day,Morning
504,5,35,Night,Morning
505,7,19,Day,Morning
506,9,57,Day,Morning
507,16,28,Day,Afternoon
508,4,30,Night,Night
509,11,55,Day,Morning
510,13,40,Day,Afternoon
511,14,44,Day,Afternoon
512,20,12,Night,Evening
513,21,1,Night,Night
514,21,31,Night,Night
515,23,42,Night,Night
516,1,42,Night,Night
517,4,15,Night,Night
518,16,55,Day,Afternoon
519,10,15,Day,Morning
520,12,16,Day,Afternoon
521,12,43,Day,Afternoon
522,15,24,Day,Afternoon
523,23,18,Night,Night
524,17,18,Day,Evening
525,18,29,Night,Evening
526,19,19,Night,Evening
527,20,9,Night,Evening
528,22,15,Night,Night
529,6,58,Day,Morning
530,10,28,Day,Morning
531,14,4,Day,Afternoon
532,15,19,Day,Afternoon
533,21,16,Night,Night
534,7,21,Day,Morning
535,8,48,Day,Morning
536,10,1,Day,Morning
537,15,21,Day,Afternoon
538,2,5,Night,Night
539,12,46,Day,Afternoon
540,13,17,Day,Afternoon
541,6,24,Day,Morning
542,20,28,Night,Evening
543,2,20,Night,Night
544,9,24,Day,Morning
545,13,19,Day,Afternoon
546,21,9,Night,Night
547,23,20,Night,Night
548,14,11,Day,Afternoon
549,3,20,Night,Night
550,5,3,Night,Morning
551,6,45,Day,Morning
552,13,50,Day,Afternoon
553,14,18,Day,Afternoon
554,21,58,Night,Night
555,23,45,Night,Night
556,5,33,Night,Morning
557,14,56,Day,Afternoon
558,18,7,Night,Evening
559,20,16,Night,Evening
560,10,7,Day,Morning
561,11,18,Day,Morning
562,15,37,Day,Afternoon
563,18,50,Night,Evening
564,23,17,Night,Night
565,1,37,Night,Night
566,5,10,Night,Morning
567,8,19,Day,Morning
568,7,50,Day,Morning
569,9,9,Day,Morning
570,16,1,Day,Afternoon
571,18,46,Night,Evening
572,6,31,Day,Morning
573,8,58,Day,Morning
574,23,8,Night,Night
575,17,8,Day,Evening
576,12,22,Day,Afternoon
577,4,10,Night,Night
578,15,43,Day,Afternoon
579,16,53,Day,Afternoon
580,2,47,Night,Night
581,20,45,Night,Evening
582,21,21,Night,Night
583,1,7,Night,Night
584,3,8,Night,Night
585,5,9,Night,Morning
586,11,3,Day,Morning
587,14,52,Day,Afternoon
588,22,47,Night,Night
589,20,5,Night,Evening
590,22,57,Night,Night
591,12,19,Day,Afternoon
592,16,52,Day,Afternoon
593,0,44,Night,Night
594,3,31,Night,Night
595,7,31,Day,Morning
596,14,24,Day,Afternoon
597,1,22,Night,Night
598,3,3,Night,Night
599,9,53,Day,Morning
600,11,44,Day,Morning
601,23,32,Night,Night
602,0,27,Night,Night
603,2,15,Night,Night
604,18,1,Night,Evening
605,18,35,Night,Evening
606,21,39,Night,Night
607,15,41,Day,Afternoon
608,17,17,Day,Evening
609,5,40,Night,Morning
610,8,4,Day,Morning
611,16,9,Day,Afternoon
612,9,5,Day,Morning
613,4,19,Night,Night
614,10,27,Day,Morning
615,15,32,Day,Afternoon
616,15,39,Day,Afternoon
617,18,57,Night,Evening
618,23,3,Night,Night
619,19,38,Night,Evening
620,19,21,Night,Evening
621,19,36,Night,Evening
622,6,49,Day,Morning
623,10,39,Day,Morning
624,14,32,Day,Afternoon
625,18,12,Night,Evening
626,0,2,Night,Night
627,8,29,Day,Morning
628,20,13,Night,Evening
629,20,59,Night,Evening
630,20,42,Night,Evening
631,9,38,Day,Morning
632,22,36,Night,Night
633,23,34,Night,Night
634,9,2,Day,Morning
635,1,38,Night,Night
636,11,54,Day,Morning
637,13,27,Day,Afternoon
638,14,3,Day,Afternoon
639,4,37,Night,Night
640,5,4,Night,Morning
641,6,8,Day,Morning
642,9,17,Day,Morning
643,5,48,Night,Morning
644,8,39,Day,Morning
645,15,53,Day,Afternoon
646,0,59,Night,Night
647,3,44,Night,Night
648,6,55,Day,Morning
649,8,36,Day,Morning
650,7,6,Day,Morning
651,5,13,Night,Morning
652,16,42,Day,Afternoon
653,17,37,Day,Evening
654,17,49,Day,Evening
655,14,53,Day,Afternoon
656,16,12,Day,Afternoon
657,18,5,Night,Evening
658,18,43,Night,Evening
659,19,49,Night,Evening
660,9,18,Day,Morning
661,13,9,Day,Afternoon
662,16,47,Day,Afternoon
663,23,27,Night,Night
664,7,37,Day,Morning
665,11,32,Day,Morning
666,1,11,Night,Night
667,21,56,Night,Night
668,6,26,Day,Morning
669,12,32,Day,Afternoon
670,15,3,Day,Afternoon
671,10,26,Day,Morning
672,23,58,Night,Night
673,9,19,Day,Morning
674,14,19,Day,Afternoon
675,15,26,Day,Afternoon
676,13,4,Day,Afternoon
677,0,21,Night,Night
678,3,34,Night,Night
679,14,29,Day,Afternoon
680,16,54,Day,Afternoon
681,19,12,Night,Evening
682,10,44,Day,Morning
683,14,28,Day,Afternoon
684,0,45,Night,Night
685,10,52,Day,Morning
686,15,2,Day,Afternoon
687,16,2,Day,Afternoon
688,23,9,Night,Night
689,11,34,Day,Morning
690,7,23,Day,Morning
691,9,47,Day,Morning
692,15,54,Day,Afternoon
693,16,51,Day,Afternoon
694,17,42,Day,Evening
695,23,5,Night,Night
696,10,34,Day,Morning
697,22,31,Night,Night
698,1,23,Night,Night
699,5,54,Night,Morning
700,11,19,Day,Morning
701,12,56,Day,Afternoon
702,5,53,Night,Morning
703,8,50,Day,Morning
704,13,28,Day,Afternoon
705,13,47,Day,Afternoon
706,19,47,Night,Evening
707,21,14,Night,Night
708,9,23,Day,Morning
709,0,16,Night,Night
710,6,39,Day,Morning
711,6,43,Day,Morning
712,7,32,Day,Morning
713,14,9,Day,Afternoon
714,10,53,Day,Morning
715,12,21,Day,Afternoon
716,15,49,Day,Afternoon
717,14,58,Day,Afternoon
718,15,59,Day,Afternoon
719,7,43,Day,Morning
720,8,37,Day,Morning
721,12,49,Day,Afternoon
722,12,27,Day,Afternoon
723,13,18,Day,Afternoon
724,16,4,Day,Afternoon
725,22,16,Night,Night
726,2,45,Night,Night
727,19,22,Night,Evening
728,14,49,Day,Afternoon
729,16,39,Day,Afternoon
730,20,1,Night,Evening
731,4,55,Night,Night
732,17,16,Day,Evening
733,18,34,Night,Evening
734,18,41,Night,Evening
735,7,38,Day,Morning
736,7,45,Day,Morning
737,10,12,Day,Morning
738,16,24,Day,Afternoon
739,18,32,Night,Evening
740,9,44,Day,Morning
741,13,56,Day,Afternoon
742,15,36,Day,Afternoon
743,0,24,Night,Night
744,6,7,Day,Morning
745,11,43,Day,Morning
746,16,31,Day,Afternoon
747,20,41,Night,Evening
748,6,19,Day,Morning
749,13,14,Day,Afternoon
750,14,59,Day,Afternoon
751,15,29,Day,Afternoon
752,16,43,Day,Afternoon
753,20,27,Night,Evening
754,23,52,Night,Night
755,1,20,Night,Night
756,10,21,Day,Morning
757,17,59,Day,Evening
758,19,59,Night,Evening
759,21,34,Night,Night
760,19,3,Night,Evening
761,4,29,Night,Night
762,15,23,Day,Afternoon
763,21,55,Night,Night
764,16,21,Day,Afternoon
765,18,48,Night,Evening
766,16,34,Day,Afternoon
767,18,49,Night,Evening
768,19,43,Night,Evening
769,22,12,Night,Night
770,23,4,Night,Night
771,11,49,Day,Morning
772,16,6,Day,Afternoon
773,10,46,Day,Morning
774,12,26,Day,Afternoon
775,20,54,Night,Evening
776,1,10,Night,Night
777,13,2,Day,Afternoon
778,21,29,Night,Night
779,12,57,Day,Afternoon
780,0,20,Night,Night
781,14,26,Day,Afternoon
782,19,29,Night,Evening
783,23,11,Night,Night
784,9,54,Day,Morning
785,16,41,Day,Afternoon
786,22,29,Night,Night
787,8,16,Day,Morning
788,10,57,Day,Morning
789,12,6,Day,Afternoon
790,20,25,Night,Evening
791,13,23,Day,Afternoon
792,14,46,Day,Afternoon
793,21,2,Night,Night
794,21,3,Night,Night
795,21,33,Night,Night
796,0,14,Night,Night
797,19,28,Night,Evening
798,5,23,Night,Morning
799,16,3,Day,Afternoon
800,20,24,Night,Evening
801,19,51,Night,Evening
802,2,3,Night,Night
803,17,11,Day,Evening
804,4,31,Night,Night
805,9,1,Day,Morning
806,18,13,Night,Evening
807,19,17,Night,Evening
808,20,36,Night,Evening
809,10,13,Day,Morning
810,23,56,Night,Night
811,22,58,Night,Night
812,8,52,Day,Morning
813,16,18,Day,Afternoon
814,21,47,Night,Night
815,2,26,Night,Night
816,13,37,Day,Afternoon
817,2,14,Night,Night
818,6,37,Day,Morning
819,18,51,Night,Evening
820,19,1,Night,Evening
821,3,46,Night,Night
822,7,46,Day,Morning
823,8,35,Day,Morning
824,8,51,Day,Morning
825,13,57,Day,Afternoon
826,3,2,Night,Night
827,22,5,Night,Night
828,23,44,Night,Night
829,20,29,Night,Evening
830,3,59,Night,Night
831,17,39,Day,Evening
832,2,12,Night,Night
833,6,44,Night,Morning
834,17,29,Day,Evening
835,20,57,Night,Evening
836,2,24,Night,Night
837,6,4,Day,Morning
838,23,41,Night,Night
839,1,29,Night,Night
840,18,42,Night,Evening
841,6,44,Day,Morning
842,18,21,Night,Evening
843,1,50,Night,Night
844,16,7,Day,Afternoon
845,0,28,Night,Night
846,7,33,Day,Morning
847,15,56,Day,Afternoon
848,19,27,Night,Evening
849,23,29,Night,Night
850,7,2,Day,Morning
851,11,47,Day,Morning
852,19,26,Night,Evening
853,8,18,Day,Morning
854,8,42,Day,Morning
855,16,49,Day,Afternoon
856,18,47,Night,Evening
857,8,47,Day,Morning
858,13,8,Day,Afternoon
859,14,47,Day,Afternoon
860,1,18,Night,Night
861,6,9,Day,Morning
862,10,38,Day,Morning
863,15,48,Day,Afternoon
864,3,54,Night,Night
865,15,33,Day,Afternoon
866,20,7,Night,Evening
867,11,51,Day,Morning
868,17,28,Day,Evening
869,7,52,Day,Morning
870,12,39,Day,Afternoon
871,0,58,Night,Night
872,8,38,Day,Morning
873,0,26,Night,Night
874,13,12,Day,Afternoon
875,7,11,Day,Morning
876,8,34,Day,Morning
877,17,12,Day,Evening
878,17,36,Day,Evening
879,21,44,Night,Night
880,5,26,Night,Morning
881,10,16,Day,Morning
882,12,52,Day,Afternoon
883,12,58,Day,Afternoon
884,1,14,Night,Night
885,19,56,Night,Evening
886,5,2,Night,Morning
887,6,18,Day,Morning
888,15,9,Day,Afternoon
889,4,48,Night,Night
890,18,44,Night,Evening
891,19,11,Night,Evening
892,17,22,Day,Evening
893,18,17,Night,Evening
894,6,16,Day,Morning
895,11,14,Day,Morning
896,0,46,Night,Night
897,3,9,Night,Night
898,18,52,Night,Evening
899,0,54,Night,Night
900,3,32,Night,Night
901,23,46,Night,Night
902,20,35,Night,Evening
903,14,57,Day,Afternoon
904,0,7,Night,Night
905,6,42,Day,Morning
906,9,11,Day,Morning
907,11,26,Day,Morning
908,12,11,Day,Afternoon
909,1,44,Night,Night
910,3,50,Night,Night
911,14,27,Day,Afternoon
912,14,31,Day,Afternoon
913,17,26,Day,Evening
914,20,2,Night,Evening
915,16,16,Day,Afternoon
916,21,59,Night,Night
917,20,44,Night,Evening
918,9,20,Day,Morning
919,16,38,Day,Afternoon
920,2,50,Night,Night
921,20,32,Night,Evening
922,12,13,Day,Afternoon
923,16,44,Day,Afternoon
924,1,25,Night,Night
925,16,29,Day,Afternoon
926,4,11,Night,Night
927,7,51,Day,Morning
928,13,31,Day,Afternoon
929,23,16,Night,Night
930,8,46,Day,Morning
931,11,2,Day,Morning
932,21,25,Night,Night
933,11,31,Day,Morning
934,16,37,Day,Afternoon
935,13,7,Day,Afternoon
936,17,7,Day,Evening
937,5,42,Night,Morning
938,0,37,Night,Night
939,11,16,Day,Morning
940,2,34,Night,Night
941,7,24,Day,Morning
942,19,39,Night,Evening
943,2,55,Night,Night
944,23,36,Night,Night
945,14,41,Day,Afternoon
946,17,6,Day,Evening
947,17,55,Day,Evening
948,18,58,Night,Evening
949,7,58,Day,Morning
950,3,14,Night,Night
951,6,17,Day,Morning
952,23,33,Night,Night
953,7,8,Day,Morning
954,7,42,Day,Morning
955,8,23,Day,Morning
956,22,44,Night,Night
957,10,19,Day,Morning
958,23,31,Night,Night
959,10,32,Day,Morning
960,7,27,Day,Morning
961,9,48,Day,Morning
962,13,16,Day,Afternoon
963,22,1,Night,Night
964,8,32,Day,Morning
965,6,13,Day,Morning
966,8,6,Day,Morning
967,11,33,Day,Morning
968,11,37,Day,Morning
969,16,11,Day,Afternoon
970,20,14,Night,Evening
971,14,8,Day,Afternoon
972,22,32,Night,Night
973,1,59,Night,Night
974,7,9,Day,Morning
975,3,57,Night,Night
976,8,24,Day,Morning
977,20,48,Night,Evening
978,21,41,Night,Night
979,5,14,Night,Morning
980,1,5,Night,Night
981,11,52,Day,Morning
982,13,6,Day,Afternoon
983,9,29,Day,Morning
984,11,1,Day,Morning
985,17,41,Day,Evening
986,23,22,Night,Night
987,10,37,Day,Morning
988,2,13,Night,Night
989,6,52,Day,Morning
990,9,37,Day,Morning
991,1,52,Night,Night
992,10,14,Day,Morning
993,18,2,Night,Evening
994,10,18,Day,Morning
995,21,8,Night,Night
996,1,57,Night,Night
997,14,36,Day,Afternoon
998,10,43,Day,Morning
999,16,23,Day,Afternoon
1000,10,22,Day,Morning
1001,17,47,Day,Evening
1002,22,28,Night,Night
1003,18,23,Night,Evening
1004,1,8,Night,Night
1005,15,42,Day,Afternoon
1006,1,49,Night,Night
1007,4,56,Night,Night
1008,10,31,Day,Morning
1009,10,59,Day,Morning
1010,22,21,Night,Night
1011,22,46,Night,Night
1012,3,19,Night,Night
1013,23,37,Night,Night
1014,1,3,Night,Night
1015,20,39,Night,Evening
1016,21,51,Night,Night
1017,23,57,Night,Night
1018,6,27,Day,Morning
1019,3,12,Night,Night
1020,21,48,Night,Night
1021,1,24,Night,Night
1022,19,16,Night,Evening
1023,19,31,Night,Evening
1024,9,58,Day,Morning
1025,17,13,Day,Evening
1026,23,19,Night,Night
1027,0,13,Night,Night
1028,6,3,Day,Morning
1029,11,17,Day,Morning
1030,7,1,Day,Morning
1031,18,33,Night,Evening
1032,21,28,Night,Night
1033,8,1,Day,Morning
1034,8,7,Day,Morning
1035,2,16,Night,Night
1036,11,9,Day,Morning
1037,21,13,Night,Night
1038,6,1,Day,Morning
1039,22,37,Night,Night
1040,22,4,Night,Night
1041,3,5,Night,Night
1042,2,33,Night,Night
1043,17,51,Day,Evening
1044,1,17,Night,Night
1045,5,44,Night,Morning
1046,5,5,Night,Morning
1047,3,33,Night,Night
1048,6,33,Day,Morning
1049,3,11,Night,Night
1050,3,43,Night,Night
1051,19,34,Night,Evening
1052,16,33,Day,Afternoon
1053,2,31,Night,Night
1054,5,34,Night,Morning
1055,17,53,Day,Evening
1056,19,23,Night,Evening
1057,12,24,Day,Afternoon
1058,18,6,Night,Evening
1059,13,43,Day,Afternoon
1060,13,48,Day,Afternoon
1061,10,17,Day,Morning
1062,20,8,Night,Evening
1063,18,4,Night,Evening
1064,8,44,Day,Morning
1065,11,59,Day,Morning
1066,0,32,Night,Night
1067,14,21,Day,Afternoon
1068,3,39,Night,Night
1069,7,13,Day,Morning
1070,19,46,Night,Evening
1071,23,48,Night,Night
1072,2,57,Night,Night
1073,7,34,Day,Morning
1074,4,39,Night,Night
1075,6,41,Day,Morning
1076,13,3,Day,Afternoon
1077,13,26,Day,Afternoon
1078,22,54,Night,Night
1079,5,59,Night,Morning
1080,0,33,Night,Night
1081,6,53,Day,Morning
1082,6,47,Day,Morning
1083,15,16,Day,Afternoon
1084,4,21,Night,Night
1085,4,23,Night,Night
1086,4,49,Night,Night
1087,15,17,Day,Afternoon
1088,2,35,Night,Night
1089,22,27,Night,Night
1090,3,10,Night,Night
1091,4,5,Night,Night
1092,5,7,Night,Morning
1093,13,41,Day,Afternoon
1094,14,17,Day,Afternoon
1095,15,14,Day,Afternoon
1096,18,18,Night,Evening
1097,2,18,Night,Night
1098,5,49,Night,Morning
1099,0,57,Night,Night
1100,23,47,Night,Night
1101,4,22,Night,Night
1102,2,59,Night,Night
1103,22,17,Night,Night
1104,9,30,Night,Morning
1105,14,15,Night,Afternoon
1106,14,18,Night,Afternoon
1107,6,12,Day,Morning
1108,6,10,Night,Morning
1109,12,18,Night,Afternoon
1110,21,6,Night,Night
1111,4,51,Night,Night
1112,6,25,Night,Morning
1113,6,30,Night,Morning
1114,7,14,Night,Morning
1115,14,30,Night,Afternoon
1116,14,50,Night,Afternoon
1117,17,5,Night,Evening
1118,21,26,Night,Night
1119,9,0,Night,Morning
1120,10,29,Night,Morning
1121,20,58,Night,Evening
1122,5,22,Night,Morning
1123,9,12,Night,Morning
1124,16,50,Night,Afternoon
1125,3,18,Night,Night
1126,16,16,Night,Afternoon
1127,10,48,Night,Morning
1128,16,35,Night,Afternoon
1129,17,32,Day,Evening
1130,15,20,Night,Afternoon
1131,10,40,Night,Morning
1132,14,0,Night,Afternoon
1133,21,18,Night,Night
1134,7,23,Night,Morning
1135,22,9,Night,Night
1136,10,37,Night,Morning
1137,11,4,Night,Morning
1138,14,55,Night,Afternoon
1139,13,5,Night,Afternoon
1140,15,59,Night,Afternoon
1141,16,45,Night,Afternoon
1142,9,6,Day,Morning
1143,15,22,Night,Afternoon
1144,12,3,Night,Afternoon
1145,12,33,Day,Afternoon
1146,7,15,Night,Morning
1147,8,24,Night,Morning
1148,2,28,Night,Night
1149,10,50,Night,Morning
1150,13,52,Night,Afternoon
1151,14,40,Night,Afternoon
1152,12,55,Night,Afternoon
1153,11,7,Day,Morning
1154,12,15,Night,Afternoon
1155,13,51,Day,Afternoon
1156,15,5,Night,Afternoon
1157,13,10,Night,Afternoon
1158,20,38,Night,Evening
1159,13,0,Night,Afternoon
1160,11,15,Night,Morning
1161,12,53,Night,Afternoon
1162,15,34,Night,Afternoon
1163,15,57,Night,Afternoon
1164,12,4,Night,Afternoon
1165,16,15,Night,Afternoon
1166,15,51,Day,Afternoon
1167,13,56,Night,Afternoon
1168,17,45,Night,Evening
1169,16,17,Night,Afternoon
1170,16,0,Night,Afternoon
1171,16,41,Night,Afternoon
1172,16,6,Night,Afternoon
1173,5,32,Night,Morning
1174,11,20,Night,Morning
1175,8,17,Day,Morning
1176,6,40,Night,Morning
1177,15,50,Night,Afternoon
1178,8,57,Day,Morning
1179,12,0,Night,Afternoon
1180,12,11,Night,Afternoon
1181,14,12,Day,Afternoon
1182,14,14,Day,Afternoon
1183,15,31,Night,Afternoon
1184,8,27,Day,Morning
1185,10,45,Night,Morning
1186,15,46,Day,Afternoon
1187,16,22,Night,Afternoon
1188,13,30,Night,Afternoon
1189,9,28,Day,Morning
1190,8,0,Night,Morning
1191,16,20,Night,Afternoon
1192,15,10,Night,Afternoon
1193,10,42,Night,Morning
1194,14,27,Night,Afternoon
1195,2,19,Night,Night
1196,7,38,Night,Morning
1197,12,30,Night,Afternoon
1198,15,45,Night,Afternoon
1199,16,5,Night,Afternoon
1200,17,0,Night,Evening
1201,0,29,Night,Night
1202,5,51,Night,Morning
1203,8,5,Night,Morning
1204,7,8,Night,Morning
1205,10,35,Night,Morning
1206,16,38,Night,Afternoon
1207,6,20,Night,Morning
1208,6,45,Night,Morning
1209,5,52,Night,Morning
1210,11,10,Night,Morning
1211,20,11,Night,Evening
1212,0,4,Night,Night
1213,4,28,Night,Night
1214,1,13,Night,Night
1215,4,32,Night,Night
1216,16,53,Night,Afternoon
1217,10,20,Night,Morning
1218,16,30,Night,Afternoon
1219,17,51,Night,Evening
1220,15,56,Night,Afternoon
1221,17,21,Day,Evening
1222,6,35,Night,Morning
1223,9,20,Night,Morning
1224,11,32,Night,Morning
1225,17,56,Night,Evening
1226,13,15,Night,Afternoon
1227,15,0,Night,Afternoon
1228,8,10,Night,Morning
1229,9,27,Day,Morning
1230,2,52,Night,Night
1231,3,13,Night,Night
1232,10,42,Day,Morning
1233,12,10,Night,Afternoon
1234,6,2,Night,Morning
1235,2,8,Night,Night
1236,15,23,Night,Afternoon
1237,17,24,Night,Evening
1238,8,20,Night,Morning
1239,11,52,Night,Morning
1240,7,57,Night,Morning
1241,15,30,Night,Afternoon
1242,12,29,Day,Afternoon
1243,16,7,Night,Afternoon
1244,11,11,Day,Morning
1245,12,40,Night,Afternoon
1246,12,50,Night,Afternoon
1247,7,26,Day,Morning
1248,7,0,Night,Morning
1249,17,30,Night,Evening
1250,7,3,Day,Morning
1251,11,25,Night,Morning
1252,13,53,Night,Afternoon
1253,15,55,Night,Afternoon
1254,4,35,Night,Night
1255,10,29,Day,Morning
1256,14,35,Night,Afternoon
1257,10,6,Day,Morning
1258,22,14,Night,Night
1259,7,48,Day,Morning
1260,12,31,Day,Afternoon
1261,12,53,Day,Afternoon
1262,17,23,Day,Evening
1263,9,32,Day,Morning
1264,0,8,Night,Night
1265,2,49,Night,Night
1266,6,32,Day,Morning
1267,14,22,Day,Afternoon
1268,7,39,Day,Morning
1269,3,35,Night,Night
1270,15,44,Day,Afternoon
1271,5,21,Night,Morning
1272,10,49,Day,Morning
1273,1,31,Night,Night
1274,1,54,Night,Night
1275,19,42,Night,Evening
1276,22,3,Night,Night
1277,20,22,Night,Evening
1278,15,27,Day,Afternoon
1279,4,24,Night,Night
1280,5,56,Night,Morning
1281,6,11,Day,Morning
1282,22,53,Night,Night
1283,4,38,Night,Night
1284,8,43,Day,Morning
1285,5,16,Night,Morning
1286,9,36,Day,Morning
1287,23,6,Night,Night
1288,8,53,Day,Morning
1289,15,12,Day,Afternoon
1290,9,4,Day,Morning
1291,18,37,Night,Evening
1292,19,24,Night,Evening
1293,7,57,Day,Morning
1294,15,13,Day,Afternoon
1295,7,18,Day,Morning
1296,23,54,Night,Night
1297,7,16,Day,Morning
1298,6,46,Day,Morning
1299,2,43,Night,Night
1300,12,14,Day,Afternoon
1301,5,39,Night,Morning
1302,21,42,Night,Night
1303,22,13,Night,Night
1304,22,7,Night,Night
1305,4,6,Night,Night
1306,8,22,Day,Morning
1307,22,51,Night,Night
1308,1,51,Night,Night
1309,5,31,Night,Morning
1310,2,22,Night,Night
1311,21,37,Night,Night
1312,17,33,Day,Evening
1313,1,28,Night,Night
1314,17,52,Day,Evening
1315,18,22,Night,Evening
1316,7,56,Day,Morning
1317,8,11,Day,Morning
1318,20,53,Night,Evening
1319,6,22,Day,Morning
1320,13,44,Day,Afternoon
1321,6,6,Day,Morning
1322,10,33,Day,Morning
1323,4,36,Night,Night
1324,2,44,Night,Night
1325,3,28,Night,Night
1326,4,14,Night,Night
1327,8,26,Day,Morning
1328,21,32,Night,Night
1329,1,33,Night,Night
1330,17,14,Day,Evening
1331,6,34,Day,Morning
1332,0,52,Night,Night
1333,1,48,Night,Night
1334,17,2,Day,Evening
1335,7,53,Day,Morning
1336,14,7,Day,Afternoon
1337,11,41,Day,Morning
1338,0,22,Night,Night
1339,22,39,Night,Night
1340,6,56,Day,Morning
1341,8,12,Day,Morning
1342,11,6,Day,Morning
1343,21,43,Night,Night
1344,7,28,Day,Morning
1345,19,41,Night,Evening
1346,16,17,Day,Afternoon
1347,0,12,Night,Night
1348,0,51,Night,Night
1349,1,53,Night,Night
1350,2,41,Night,Night
1351,18,3,Night,Evening
1352,1,2,Night,Night
1353,20,52,Night,Evening
1354,0,49,Night,Night
1355,4,12,Night,Night
1356,4,43,Night,Night
1357,5,41,Night,Morning
1358,18,8,Night,Evening
1359,11,56,Day,Morning
1360,0,56,Night,Night
1361,7,47,Day,Morning
1362,12,47,Day,Afternoon
1363,3,7,Night,Night
1364,17,56,Day,Evening
1365,0,43,Night,Night
1366,11,8,Day,Morning
1367,4,54,Night,Night
1368,15,22,Day,Afternoon
1369,2,6,Night,Night
1370,19,44,Night,Evening
1371,0,3,Night,Night
1372,15,28,Day,Afternoon
1373,3,16,Night,Night
1374,6,59,Day,Morning
1375,9,31,Day,Morning
1376,4,33,Night,Night
1377,10,58,Day,Morning
1378,0,53,Night,Night
1379,2,36,Night,Night
1380,12,44,Day,Afternoon
1381,3,49,Night,Night
1382,9,59,Day,Morning
1383,5,17,Night,Morning
1384,23,59,Night,Night
1385,7,44,Day,Morning
1386,19,4,Night,Evening
1387,13,52,Day,Afternoon
1388,13,34,Day,Afternoon
1389,2,39,Night,Night
1390,4,9,Night,Night
1391,18,11,Night,Evening
1392,0,11,Night,Night
1393,0,6,Night,Night
1394,11,57,Day,Morning
1395,21,54,Night,Night
1396,20,51,Night,Evening
1397,1,1,Night,Night
1398,9,51,Day,Morning
1399,15,4,Day,Afternoon
1400,22,23,Night,Night
1401,21,49,Night,Night
1402,9,22,Day,Morning
1403,20,4,Night,Evening
1404,20,3,Night,Evening
1405,7,7,Day,Morning
1406,16,59,Day,Afternoon
1407,10,3,Day,Morning
1408,2,38,Night,Night
1409,9,39,Day,Morning
1410,1,27,Night,Night
1411,9,52,Day,Morning
1412,2,48,Night,Night
1413,4,8,Night,Night
1414,9,8,Day,Morning
1415,2,7,Night,Night
1416,2,54,Night,Night
1417,5,18,Night,Morning
1418,11,42,Day,Morning
1419,20,46,Night,Evening
1420,22,11,Night,Night
1421,14,6,Day,Afternoon
1422,4,16,Night,Night
1423,1,34,Night,Night
1424,6,28,Day,Morning
1425,16,56,Day,Afternoon
1426,2,51,Night,Night
1427,23,13,Night,Night
1428,10,47,Day,Morning
1429,22,10,Day,Night
1430,18,53,Night,Evening
1431,0,36,Night,Night
1432,23,26,Night,Night
1433,9,42,Day,Morning
1434,20,31,Night,Evening
1435,22,43,Night,Night
1436,5,36,Night,Morning
1437,1,4,Night,Night
1438,19,2,Night,Evening
1439,8,3,Day,Morning
1440,18,28,Night,Evening
1441,23,1,Night,Night
1442,1,26,Night,Night
1443,4,1,Night,Night
1444,18,24,Night,Evening
1445,1,36,Night,Night
1446,6,36,Day,Morning
1447,2,1,Night,Night
1448,5,28,Night,Morning
1449,7,36,Day,Morning
1450,6,21,Day,Morning
1451,5,43,Night,Morning
1452,17,43,Day,Evening
1453,10,51,Day,Morning
1454,8,33,Day,Morning
1455,0,34,Night,Night
1456,3,47,Night,Night
1457,6,14,Day,Morning
1458,0,39,Night,Night
1459,1,43,Night,Night
1460,5,11,Night,Morning
1461,2,46,Night,Night
1462,3,37,Night,Night
1463,9,46,Day,Morning
1464,1,46,Night,Night
1465,4,46,Night,Night
1466,8,41,Day,Morning
1467,4,52,Night,Night
1468,8,2,Day,Morning
1469,2,32,Night,Night
1470,4,41,Night,Night
1471,1,58,Night,Night
1472,3,22,Night,Night
1473,3,17,Night,Night
1474,15,1,Day,Afternoon
1475,11,23,Day,Morning
1476,1,47,Night,Night
1477,5,19,Night,Morning
1478,4,47,Night,Night
1479,4,13,Night,Night
1480,3,1,Night,Night
1481,13,1,Day,Afternoon
1482,3,26,Night,Night
1483,3,21,Night,Night
1484,20,21,Night,Evening
1485,0,47,Night,Night
1486,5,29,Night,Morning
1487,12,41,Day,Afternoon
1488,20,23,Night,Evening
1489,3,52,Night,Night
1490,13,36,Day,Afternoon
1491,21,11,Night,Night
1492,23,2,Night,Night
1493,3,6,Night,Night
1494,3,53,Night,Night
1495,1,32,Night,Night
1496,22,56,Night,Night
1497,7,12,Day,Morning
1498,3,24,Night,Night
1499,22,59,Night,Night
1500,21,36,Night,Night
1501,9,33,Day,Morning
1502,3,58,Night,Night
1503,0,38,Night,Night
1504,4,34,Night,Night
1505,5,24,Night,Morning
1506,9,21,Day,Morning
1507,10,2,Day,Morning
1508,6,38,Day,Morning
1509,22,24,Night,Night
1510,4,18,Night,Night
1511,6,2,Day,Morning
1512,2,29,Night,Night
1513,18,31,Night,Evening
1514,7,41,Day,Morning
1515,2,23,Night,Night
1516,2,53,Night,Night
1517,3,36,Night,Night
1518,5,8,Night,Morning
1519,22,34,Night,Night
1520,19,52,Night,Evening
1521,3,4,Night,Night
1522,23,21,Night,Night
1523,1,56,Night,Night
1524,1,21,Night,Night
1525,4,27,Night,Night
1526,23,51,Night,Night
1527,8,54,Day,Morning
1528,3,42,Night,Night
1529,22,33,Night,Night
1530,6,57,Day,Morning
